[
  {
    "day": 1,
    "date": "20.05.2025",
    "title": "Упражнение 1",
    "description": "",
    "status": "не начато",
    "timeSpent": 0,
    "notes": "",
    "rating": 0,
    "bonusPrompt": "Бонус-промпт для дня 1: Используйте этот промпт для мгновенного повышения эффективности.",
    "conclusion": "Вывод дня 1: Практика этого упражнения помогает развить навыки структурирования запросов."
  },
  {
    "day": 2,
    "date": "21.05.2025",
    "title": "День",
    "description": "Дата",
    "status": "не начато",
    "timeSpent": 0,
    "notes": "",
    "rating": 0,
    "bonusPrompt": "Бонус-промпт для дня 2: Используйте этот промпт для мгновенного повышения эффективности.",
    "conclusion": "Вывод дня 2: Практика этого упражнения помогает развить навыки структурирования запросов."
  },
  {
    "day": 3,
    "date": "22.05.2025",
    "title": "1",
    "description": "19.05.2025",
    "status": "не начато",
    "timeSpent": 0,
    "notes": "",
    "rating": 0,
    "bonusPrompt": "Бонус-промпт для дня 3: Используйте этот промпт для мгновенного повышения эффективности.",
    "conclusion": "Вывод дня 3: Практика этого упражнения помогает развить навыки структурирования запросов."
  },
  {
    "day": 4,
    "date": "23.05.2025",
    "title": "2",
    "description": "20.05.2025",
    "status": "не начато",
    "timeSpent": 0,
    "notes": "",
    "rating": 0,
    "bonusPrompt": "Бонус-промпт для дня 4: Используйте этот промпт для мгновенного повышения эффективности.",
    "conclusion": "Вывод дня 4: Практика этого упражнения помогает развить навыки структурирования запросов."
  },
  {
    "day": 5,
    "date": "24.05.2025",
    "title": "3",
    "description": "21.05.2025",
    "status": "не начато",
    "timeSpent": 0,
    "notes": "",
    "rating": 0,
    "bonusPrompt": "Бонус-промпт для дня 5: Используйте этот промпт для мгновенного повышения эффективности.",
    "conclusion": "Вывод дня 5: Практика этого упражнения помогает развить навыки структурирования запросов."
  },
  {
    "day": 6,
    "date": "25.05.2025",
    "title": "4",
    "description": "22.05.2025",
    "status": "не начато",
    "timeSpent": 0,
    "notes": "",
    "rating": 0,
    "bonusPrompt": "Бонус-промпт для дня 6: Используйте этот промпт для мгновенного повышения эффективности.",
    "conclusion": "Вывод дня 6: Практика этого упражнения помогает развить навыки структурирования запросов."
  },
  {
    "day": 7,
    "date": "26.05.2025",
    "title": "5",
    "description": "23.05.2025",
    "status": "не начато",
    "timeSpent": 0,
    "notes": "",
    "rating": 0,
    "bonusPrompt": "Бонус-промпт для дня 7: Используйте этот промпт для мгновенного повышения эффективности.",
    "conclusion": "Вывод дня 7: Практика этого упражнения помогает развить навыки структурирования запросов."
  },
  {
    "day": 8,
    "date": "27.05.2025",
    "title": "6",
    "description": "24.05.2025",
    "status": "не начато",
    "timeSpent": 0,
    "notes": "",
    "rating": 0,
    "bonusPrompt": "Бонус-промпт для дня 8: Используйте этот промпт для мгновенного повышения эффективности.",
    "conclusion": "Вывод дня 8: Практика этого упражнения помогает развить навыки структурирования запросов."
  },
  {
    "day": 9,
    "date": "28.05.2025",
    "title": "7",
    "description": "25.05.2025",
    "status": "не начато",
    "timeSpent": 0,
    "notes": "",
    "rating": 0,
    "bonusPrompt": "Бонус-промпт для дня 9: Используйте этот промпт для мгновенного повышения эффективности.",
    "conclusion": "Вывод дня 9: Практика этого упражнения помогает развить навыки структурирования запросов."
  },
  {
    "day": 10,
    "date": "29.05.2025",
    "title": "8",
    "description": "26.05.2025",
    "status": "не начато",
    "timeSpent": 0,
    "notes": "",
    "rating": 0,
    "bonusPrompt": "Бонус-промпт для дня 10: Используйте этот промпт для мгновенного повышения эффективности.",
    "conclusion": "Вывод дня 10: Практика этого упражнения помогает развить навыки структурирования запросов."
  },
  {
    "day": 11,
    "date": "30.05.2025",
    "title": "9",
    "description": "27.05.2025",
    "status": "не начато",
    "timeSpent": 0,
    "notes": "",
    "rating": 0,
    "bonusPrompt": "Бонус-промпт для дня 11: Используйте этот промпт для мгновенного повышения эффективности.",
    "conclusion": "Вывод дня 11: Практика этого упражнения помогает развить навыки структурирования запросов."
  },
  {
    "day": 12,
    "date": "01.05.2025",
    "title": "10",
    "description": "28.05.2025",
    "status": "не начато",
    "timeSpent": 0,
    "notes": "",
    "rating": 0,
    "bonusPrompt": "Бонус-промпт для дня 12: Используйте этот промпт для мгновенного повышения эффективности.",
    "conclusion": "Вывод дня 12: Практика этого упражнения помогает развить навыки структурирования запросов."
  },
  {
    "day": 13,
    "date": "02.05.2025",
    "title": "11",
    "description": "29.05.2025",
    "status": "не начато",
    "timeSpent": 0,
    "notes": "",
    "rating": 0,
    "bonusPrompt": "Бонус-промпт для дня 13: Используйте этот промпт для мгновенного повышения эффективности.",
    "conclusion": "Вывод дня 13: Практика этого упражнения помогает развить навыки структурирования запросов."
  },
  {
    "day": 14,
    "date": "03.05.2025",
    "title": "12",
    "description": "30.05.2025",
    "status": "не начато",
    "timeSpent": 0,
    "notes": "",
    "rating": 0,
    "bonusPrompt": "Бонус-промпт для дня 14: Используйте этот промпт для мгновенного повышения эффективности.",
    "conclusion": "Вывод дня 14: Практика этого упражнения помогает развить навыки структурирования запросов."
  },
  {
    "day": 15,
    "date": "04.05.2025",
    "title": "13",
    "description": "31.05.2025",
    "status": "не начато",
    "timeSpent": 0,
    "notes": "",
    "rating": 0,
    "bonusPrompt": "Бонус-промпт для дня 15: Используйте этот промпт для мгновенного повышения эффективности.",
    "conclusion": "Вывод дня 15: Практика этого упражнения помогает развить навыки структурирования запросов."
  },
  {
    "day": 16,
    "date": "05.05.2025",
    "title": "14",
    "description": "01.06.2025",
    "status": "не начато",
    "timeSpent": 0,
    "notes": "",
    "rating": 0,
    "bonusPrompt": "Бонус-промпт для дня 16: Используйте этот промпт для мгновенного повышения эффективности.",
    "conclusion": "Вывод дня 16: Практика этого упражнения помогает развить навыки структурирования запросов."
  },
  {
    "day": 17,
    "date": "06.05.2025",
    "title": "15",
    "description": "02.06.2025",
    "status": "не начато",
    "timeSpent": 0,
    "notes": "",
    "rating": 0,
    "bonusPrompt": "Бонус-промпт для дня 17: Используйте этот промпт для мгновенного повышения эффективности.",
    "conclusion": "Вывод дня 17: Практика этого упражнения помогает развить навыки структурирования запросов."
  },
  {
    "day": 18,
    "date": "07.05.2025",
    "title": "16",
    "description": "03.06.2025",
    "status": "не начато",
    "timeSpent": 0,
    "notes": "",
    "rating": 0,
    "bonusPrompt": "Бонус-промпт для дня 18: Используйте этот промпт для мгновенного повышения эффективности.",
    "conclusion": "Вывод дня 18: Практика этого упражнения помогает развить навыки структурирования запросов."
  },
  {
    "day": 19,
    "date": "08.05.2025",
    "title": "17",
    "description": "04.06.2025",
    "status": "не начато",
    "timeSpent": 0,
    "notes": "",
    "rating": 0,
    "bonusPrompt": "Бонус-промпт для дня 19: Используйте этот промпт для мгновенного повышения эффективности.",
    "conclusion": "Вывод дня 19: Практика этого упражнения помогает развить навыки структурирования запросов."
  },
  {
    "day": 20,
    "date": "09.05.2025",
    "title": "18",
    "description": "05.06.2025",
    "status": "не начато",
    "timeSpent": 0,
    "notes": "",
    "rating": 0,
    "bonusPrompt": "Бонус-промпт для дня 20: Используйте этот промпт для мгновенного повышения эффективности.",
    "conclusion": "Вывод дня 20: Практика этого упражнения помогает развить навыки структурирования запросов."
  },
  {
    "day": 21,
    "date": "10.05.2025",
    "title": "19",
    "description": "06.06.2025",
    "status": "не начато",
    "timeSpent": 0,
    "notes": "",
    "rating": 0,
    "bonusPrompt": "Бонус-промпт для дня 21: Используйте этот промпт для мгновенного повышения эффективности.",
    "conclusion": "Вывод дня 21: Практика этого упражнения помогает развить навыки структурирования запросов."
  },
  {
    "day": 22,
    "date": "11.05.2025",
    "title": "20",
    "description": "07.06.2025",
    "status": "не начато",
    "timeSpent": 0,
    "notes": "",
    "rating": 0,
    "bonusPrompt": "Бонус-промпт для дня 22: Используйте этот промпт для мгновенного повышения эффективности.",
    "conclusion": "Вывод дня 22: Практика этого упражнения помогает развить навыки структурирования запросов."
  },
  {
    "day": 23,
    "date": "12.05.2025",
    "title": "21",
    "description": "08.06.2025",
    "status": "не начато",
    "timeSpent": 0,
    "notes": "",
    "rating": 0,
    "bonusPrompt": "Бонус-промпт для дня 23: Используйте этот промпт для мгновенного повышения эффективности.",
    "conclusion": "Вывод дня 23: Практика этого упражнения помогает развить навыки структурирования запросов."
  },
  {
    "day": 24,
    "date": "13.05.2025",
    "title": "22",
    "description": "09.06.2025",
    "status": "не начато",
    "timeSpent": 0,
    "notes": "",
    "rating": 0,
    "bonusPrompt": "Бонус-промпт для дня 24: Используйте этот промпт для мгновенного повышения эффективности.",
    "conclusion": "Вывод дня 24: Практика этого упражнения помогает развить навыки структурирования запросов."
  },
  {
    "day": 25,
    "date": "14.05.2025",
    "title": "23",
    "description": "10.06.2025",
    "status": "не начато",
    "timeSpent": 0,
    "notes": "",
    "rating": 0,
    "bonusPrompt": "Бонус-промпт для дня 25: Используйте этот промпт для мгновенного повышения эффективности.",
    "conclusion": "Вывод дня 25: Практика этого упражнения помогает развить навыки структурирования запросов."
  },
  {
    "day": 26,
    "date": "15.05.2025",
    "title": "24",
    "description": "11.06.2025",
    "status": "не начато",
    "timeSpent": 0,
    "notes": "",
    "rating": 0,
    "bonusPrompt": "Бонус-промпт для дня 26: Используйте этот промпт для мгновенного повышения эффективности.",
    "conclusion": "Вывод дня 26: Практика этого упражнения помогает развить навыки структурирования запросов."
  },
  {
    "day": 27,
    "date": "16.05.2025",
    "title": "25",
    "description": "12.06.2025",
    "status": "не начато",
    "timeSpent": 0,
    "notes": "",
    "rating": 0,
    "bonusPrompt": "Бонус-промпт для дня 27: Используйте этот промпт для мгновенного повышения эффективности.",
    "conclusion": "Вывод дня 27: Практика этого упражнения помогает развить навыки структурирования запросов."
  },
  {
    "day": 28,
    "date": "17.05.2025",
    "title": "26",
    "description": "13.06.2025",
    "status": "не начато",
    "timeSpent": 0,
    "notes": "",
    "rating": 0,
    "bonusPrompt": "Бонус-промпт для дня 28: Используйте этот промпт для мгновенного повышения эффективности.",
    "conclusion": "Вывод дня 28: Практика этого упражнения помогает развить навыки структурирования запросов."
  },
  {
    "day": 29,
    "date": "18.05.2025",
    "title": "27",
    "description": "14.06.2025",
    "status": "не начато",
    "timeSpent": 0,
    "notes": "",
    "rating": 0,
    "bonusPrompt": "Бонус-промпт для дня 29: Используйте этот промпт для мгновенного повышения эффективности.",
    "conclusion": "Вывод дня 29: Практика этого упражнения помогает развить навыки структурирования запросов."
  },
  {
    "day": 30,
    "date": "19.05.2025",
    "title": "28",
    "description": "15.06.2025",
    "status": "не начато",
    "timeSpent": 0,
    "notes": "",
    "rating": 0,
    "bonusPrompt": "Бонус-промпт для дня 30: Используйте этот промпт для мгновенного повышения эффективности.",
    "conclusion": "Вывод дня 30: Практика этого упражнения помогает развить навыки структурирования запросов."
  },
  {
    "day": 31,
    "date": "20.05.2025",
    "title": "29",
    "description": "16.06.2025",
    "status": "не начато",
    "timeSpent": 0,
    "notes": "",
    "rating": 0,
    "bonusPrompt": "Бонус-промпт для дня 31: Используйте этот промпт для мгновенного повышения эффективности.",
    "conclusion": "Вывод дня 31: Практика этого упражнения помогает развить навыки структурирования запросов."
  }
]